{"WT_OPEN_LONG_THRESHOLD": -73.76713332296012, "WT_OPEN_SHORT_THRESHOLD": 11.288306826721742, "MFI_LONG_THRESHOLD": -0.8349872716195019, "MFI_SHORT_THRESHOLD": 5.044863566407059, "WT_EXIT_LONG_THRESHOLD": 18.324526384741016, "WT_EXIT_SHORT_THRESHOLD": -85.15550197764209}